{
    "ssu" : 0.01,
    "ssa" : 0.001,
    "sfa" : 0.001,
    "slac" : 0.001,
    "sca" : 0.42,
    "sva" : 0.001,
    "sbu" : 0.1485,
    "spro" : 0.1147,
    "sac" : 0.8191,
    "sh2" : "1e-8",
    "sch4" : "1e-8",
    "sic" : 0.094974,
    "sin" : 0.01,

    "q_gas" : 0,
    "si" : 0.0001,
    "xxc" : 20,
    "xch" : 23.1,
    "xpr" : 2.2,
    "xli" : 1.1,
    "xsu" : 0.001,
    "xaa" : 0.001,
    "xfa" : 0.001,
    "xc4" : 0.001,
    "xpro" : 0.001,
    "xac" : 0,
    "xh2": 0,
    "xhomo" : 0.001,
    "xce" : 0.001,
    "xi" : 25.1,
    "scat" : 0.04,
    "san" : 0.02,
    "shva" : 0,
    "shbu" : 0,
    "shpro" : 0,
    "shac" : 0,
    "shco3" : 0,
    "snh3" : 0,
    "s_h_ion" : "1e-07",
    "s_gas_h2" : "10e-8",
    "s_gas_ch4" : "10e-8",
    "s_gas_co2" : "10e-8",
    "kp" : 50000,
    "f_si_xc" : 0.05,
    "f_xi_xc" : 0.05,
    "f_ch_xc" : 0.77,
    "f_pr_xc" : 0.1,
    "f_li_xc" : 0.03,
    "n_xc" : "0.0376/14",
    "n_i" : "0.06/14",
    "n_aa" : 0.007,
    "c_xc" : 0.002786,
    "c_si" : 0.03,
    "c_ch" : 0.0313,
    "c_pr" : 0.03,
    "c_li" : 0.022,
    "c_xi" : 0.03,
    "c_su" : 0.0313,
    "c_aa" : 0.03,
    "f_fa_li": 0.95,
    "c_fa" : 0.0217,
    "f_fa_ac" : 0.7,
}